GROUP,PACKAGE,CLASS,INSTRUCTION_MISSED,INSTRUCTION_COVERED,BRANCH_MISSED,BRANCH_COVERED,LINE_MISSED,LINE_COVERED,COMPLEXITY_MISSED,COMPLEXITY_COVERED,METHOD_MISSED,METHOD_COVERED
short-url,com.interview.wph.shorturl,ShortUrlApplication,5,3,0,0,2,1,1,1,1,1
short-url,com.interview.wph.shorturl.common.consts,ConnConst,3,16,0,0,1,5,1,1,1,1
short-url,com.interview.wph.shorturl.common.consts,SpringConst,0,12,0,0,0,4,0,4,0,4
short-url,com.interview.wph.shorturl.config,SqliteInitConfig,14,59,0,0,7,15,0,2,0,2
short-url,com.interview.wph.shorturl.config,SwaggerConfig,0,39,0,0,0,14,0,2,0,2
short-url,com.interview.wph.shorturl.entity,ShortUrlEntity,3,30,0,0,1,9,1,6,1,6
short-url,com.interview.wph.shorturl.dto,ResponseDto,12,28,0,0,6,11,3,6,3,6
short-url,com.interview.wph.shorturl.controller,ShortUrlController,0,84,1,9,0,14,1,7,0,3
short-url,com.interview.wph.shorturl.common.utils,BloomUtil,3,18,0,0,1,3,1,3,1,3
short-url,com.interview.wph.shorturl.common.utils,SpringUtil,0,14,0,2,0,6,0,5,0,4
short-url,com.interview.wph.shorturl.common.utils,LRUCacheUtil,3,39,0,0,1,12,1,6,1,6
short-url,com.interview.wph.shorturl.common.utils,LogUtil,29,17,0,0,10,6,4,2,4,2
short-url,com.interview.wph.shorturl.common.utils,EncryptionUtil,3,381,0,6,1,21,1,7,1,4
short-url,com.interview.wph.shorturl.dto.web,ResultBuilder,3,23,0,0,1,4,1,4,1,4
short-url,com.interview.wph.shorturl.aspect,ResultAspect,1,28,0,2,1,9,1,4,1,3
short-url,com.interview.wph.shorturl.service.impl,ShortUrlServiceImpl,44,130,3,7,9,29,4,6,1,4
