[ {"processName":"Finder","processId":"908","deviceName":"BBAOMACBOOKAIR2","description":" libcoreservices: __create_or_fix_relative_directory: 1002: __dirhelper_create_relative_with_error: error Operation not permitted","timeWindow":"1500-1600","numberOfOccurrence":1},
{"processName":"Finder","processId":"908","deviceName":"BBAOMACBOOKAIR2","description":" libcoreservices: __create_or_fix_relative_directory: 1002: __dirhelper_create_relative_with_error: error Operation not permitted","timeWindow":"2200-2300","numberOfOccurrence":1},
{"processName":"Microsoft PowerPoint","processId":"9181","deviceName":"BBAOMACBOOKAIR2","description":" assertion failed: 19E287: libxpc.dylib + 92807 [32B0E31E-9DA3-328B-A962-BC9591B93537]: 0x89","timeWindow":"0000-100","numberOfOccurrence":1},
{"processName":"Microsoft Teams Helper","processId":"54445","deviceName":"BBAOMACBOOKAIR2","description":" [HockeySDK] -[BITCrashManager invokeDelayedProcessing]/874 [HockeySDK] WARNING: Another exception handler was added. If this invokes any kind exit() after processing the exception, which causes any subsequent error handler not to be invoked, these crashes will NOT be reported to HockeyApp!","timeWindow":"1500-1600","numberOfOccurrence":1},
{"processName":"Preview","processId":"12641","deviceName":"BBAOMACBOOKAIR2","description":" assertion failed: 19E287: libxpc.dylib + 92807 [32B0E31E-9DA3-328B-A962-BC9591B93537]: 0x89","timeWindow":"0000-100","numberOfOccurrence":1},
{"processName":"Preview","processId":"56164","deviceName":"BBAOMACBOOKAIR2","description":" assertion failed: 19E287: libxpc.dylib + 92807 [32B0E31E-9DA3-328B-A962-BC9591B93537]: 0x89","timeWindow":"2300-2400","numberOfOccurrence":1},
{"processName":"Teams","processId":"54434","deviceName":"BBAOMACBOOKAIR2","description":" [HockeySDK] -[BITCrashManager invokeDelayedProcessing]/874 [HockeySDK] WARNING: Another exception handler was added. If this invokes any kind exit() after processing the exception, which causes any subsequent error handler not to be invoked, these crashes will NOT be reported to HockeyApp!","timeWindow":"1500-1600","numberOfOccurrence":1},
{"processName":"com.apple.appkit.xpc.openAndSavePanelService","processId":"12900","deviceName":"BBAOMACBOOKAIR2","description":" assertion failed: 19E287: libxpc.dylib + 92807 [32B0E31E-9DA3-328B-A962-BC9591B93537]: 0x89","timeWindow":"0100-200","numberOfOccurrence":1},
{"processName":"com.apple.mdworker.bundles","processId":"12513,12535,12536,12555,12556,12560,12610,12622,12633,12636,12637,12698,12734,12738,12741,12745,12746","deviceName":"BBAOMACBOOKAIR2","description":" Could not find uid associated with service: 0: Undefined error: 0 501","timeWindow":"0000-100","numberOfOccurrence":17},
{"processName":"com.apple.mdworker.bundles","processId":"12765,12771,12777,12802,12822,12834,12844,12860,12879,12898,12945,12949,12974,12975,12976,12980,12992","deviceName":"BBAOMACBOOKAIR2","description":" Could not find uid associated with service: 0: Undefined error: 0 501","timeWindow":"0100-200","numberOfOccurrence":17},
{"processName":"com.apple.mdworker.bundles","processId":"13002,13003,13017,13021,13027,13043,13044,13080,20333,24366,35854,41579,48653,52293,52294,52295,52299,52305,52308","deviceName":"BBAOMACBOOKAIR2","description":" Could not find uid associated with service: 0: Undefined error: 0 501","timeWindow":"0200-300","numberOfOccurrence":19},
{"processName":"com.apple.mdworker.bundles","processId":"52309,52313,52323,52324,52325,52349,52366,52376,52377,52382,52419,52420,52424,52443,52444,52459","deviceName":"BBAOMACBOOKAIR2","description":" Could not find uid associated with service: 0: Undefined error: 0 501","timeWindow":"0300-400","numberOfOccurrence":16},
{"processName":"com.apple.mdworker.bundles","processId":"52463,52478,52484,52486,52503,52515,52516,52523,52561,52570,52575,52591,52606,52609,52616","deviceName":"BBAOMACBOOKAIR2","description":" Could not find uid associated with service: 0: Undefined error: 0 501","timeWindow":"0400-500","numberOfOccurrence":15},
{"processName":"com.apple.mdworker.bundles","processId":"52629,52635,52636,52638,52665,52668,52675,52677,52682,52684,52687,52704,52715,52716,52717","deviceName":"BBAOMACBOOKAIR2","description":" Could not find uid associated with service: 0: Undefined error: 0 501","timeWindow":"0500-600","numberOfOccurrence":15},
{"processName":"com.apple.mdworker.bundles","processId":"52721,52725,52735,52760,52761,52764,52774,52777,52781,52792,52796,52812,52817,52824,52825","deviceName":"BBAOMACBOOKAIR2","description":" Could not find uid associated with service: 0: Undefined error: 0 501","timeWindow":"0600-700","numberOfOccurrence":15},
{"processName":"com.apple.mdworker.bundles","processId":"52841,52845,52846,52851,52874,52876,52879,52881,52882,52888,52889,52915,52916,52917,52927,52928","deviceName":"BBAOMACBOOKAIR2","description":" Could not find uid associated with service: 0: Undefined error: 0 501","timeWindow":"0700-800","numberOfOccurrence":16},
{"processName":"com.apple.mdworker.bundles","processId":"52932,52935,52936,52937,52974,52990,53004,53006,53014,53019,53020,53021,53131,53136,53143","deviceName":"BBAOMACBOOKAIR2","description":" Could not find uid associated with service: 0: Undefined error: 0 501","timeWindow":"0800-900","numberOfOccurrence":15},
{"processName":"com.apple.mdworker.bundles","processId":"53149,53167,53184,53189,53208,53211,53221,53314,53319,53360,53361,53364,53365,53367,53369","deviceName":"BBAOMACBOOKAIR2","description":" Could not find uid associated with service: 0: Undefined error: 0 501","timeWindow":"0900-1000","numberOfOccurrence":15},
{"processName":"com.apple.mdworker.bundles","processId":"53380,53396,53401,53403,53412,53414,53417,53419,53436,53452,53453,53457,53476,53480,53488,53497,53500","deviceName":"BBAOMACBOOKAIR2","description":" Could not find uid associated with service: 0: Undefined error: 0 501","timeWindow":"1000-1100","numberOfOccurrence":17},
{"processName":"com.apple.mdworker.bundles","processId":"53530,53537,53541,53542,53585,53620,53648,53687,53691,53708,53714,53743,53771,53776,53788,53805,53829,53853","deviceName":"BBAOMACBOOKAIR2","description":" Could not find uid associated with service: 0: Undefined error: 0 501","timeWindow":"1100-1200","numberOfOccurrence":18},
{"processName":"com.apple.mdworker.bundles","processId":"53898,53901,53903,53914,53927,53931,53937,53950,53953,53972,53999,54008,54014,54029,54043,54044,54048,54061","deviceName":"BBAOMACBOOKAIR2","description":" Could not find uid associated with service: 0: Undefined error: 0 501","timeWindow":"1200-1300","numberOfOccurrence":18},
{"processName":"com.apple.mdworker.bundles","processId":"54064,54093,54095,54099,54113,54115,54117,54119","deviceName":"BBAOMACBOOKAIR2","description":" Could not find uid associated with service: 0: Undefined error: 0 501","timeWindow":"1300-1400","numberOfOccurrence":8},
{"processName":"com.apple.mdworker.bundles","processId":"54291,54363,54365,54369,54370,54375,54385,54392,54398,54401,54404","deviceName":"BBAOMACBOOKAIR2","description":" Could not find uid associated with service: 0: Undefined error: 0 501","timeWindow":"1400-1500","numberOfOccurrence":11},
{"processName":"com.apple.mdworker.bundles","processId":"54441,54506,54605,54610,54612,54615,54618,54620,54629,54666,54679,54706,54708,54709,54711","deviceName":"BBAOMACBOOKAIR2","description":" Could not find uid associated with service: 0: Undefined error: 0 501","timeWindow":"1500-1600","numberOfOccurrence":15},
{"processName":"com.apple.mdworker.bundles","processId":"54713,54745,54808,54853,54873,54889,54897,54900,54904,54907,54921,54928,54942,54951,54970,54972,54977","deviceName":"BBAOMACBOOKAIR2","description":" Could not find uid associated with service: 0: Undefined error: 0 501","timeWindow":"1600-1700","numberOfOccurrence":17},
{"processName":"com.apple.mdworker.bundles","processId":"54981,54988,54992,55000,55001,55004,55019,55024,55041,55049,55055,55059,55061,55062,55077,55079,55099,55108,55128","deviceName":"BBAOMACBOOKAIR2","description":" Could not find uid associated with service: 0: Undefined error: 0 501","timeWindow":"1700-1800","numberOfOccurrence":19},
{"processName":"com.apple.mdworker.bundles","processId":"56066,56088","deviceName":"BBAOMACBOOKAIR2","description":" Could not find uid associated with service: 0: Undefined error: 0 501","timeWindow":"2200-2300","numberOfOccurrence":2},
{"processName":"com.apple.mdworker.bundles","processId":"56100,56101,56103,56122,56147,56162,56176,56211,56220,56231,56232,56279,56300,56302,56303,56316,56340,56353,56381","deviceName":"BBAOMACBOOKAIR2","description":" Could not find uid associated with service: 0: Undefined error: 0 501","timeWindow":"2300-2400","numberOfOccurrence":19},
{"processName":"com.apple.xpc.launchd.domain.pid.DesktopServicesHelper","processId":"12736","deviceName":"BBAOMACBOOKAIR2","description":" Failed to bootstrap path: path = /System/Library/PrivateFrameworks/DesktopServicesPriv.framework/Versions/A/Resources/DesktopServicesHelper, error = 2: No such file or directory","timeWindow":"0000-100","numberOfOccurrence":1},
{"processName":"com.apple.xpc.launchd.domain.pid.DesktopServicesHelper","processId":"12862","deviceName":"BBAOMACBOOKAIR2","description":" Failed to bootstrap path: path = /System/Library/PrivateFrameworks/DesktopServicesPriv.framework/Versions/A/Resources/DesktopServicesHelper, error = 2: No such file or directory","timeWindow":"0100-200","numberOfOccurrence":1},
{"processName":"com.apple.xpc.launchd.domain.pid.DesktopServicesHelper","processId":"56149","deviceName":"BBAOMACBOOKAIR2","description":" Failed to bootstrap path: path = /System/Library/PrivateFrameworks/DesktopServicesPriv.framework/Versions/A/Resources/DesktopServicesHelper, error = 2: No such file or directory","timeWindow":"2300-2400","numberOfOccurrence":1},
{"processName":"com.apple.xpc.launchd.domain.pid.activateSettings","processId":"54153,54165","deviceName":"BBAOMACBOOKAIR2","description":" Failed to bootstrap path: path = /System/Library/PrivateFrameworks/SystemAdministration.framework/Versions/A/Resources/activateSettings, error = 2: No such file or directory","timeWindow":"1300-1400","numberOfOccurrence":2},
{"processName":"com.apple.xpc.launchd.domain.pid.activateSettings","processId":"54171,54178,54187","deviceName":"BBAOMACBOOKAIR2","description":" Failed to bootstrap path: path = /System/Library/PrivateFrameworks/SystemAdministration.framework/Versions/A/Resources/activateSettings, error = 2: No such file or directory","timeWindow":"1400-1500","numberOfOccurrence":3},
{"processName":"com.apple.xpc.launchd.domain.pid.activateSettings","processId":"54564","deviceName":"BBAOMACBOOKAIR2","description":" Failed to bootstrap path: path = /System/Library/PrivateFrameworks/SystemAdministration.framework/Versions/A/Resources/activateSettings, error = 2: No such file or directory","timeWindow":"1500-1600","numberOfOccurrence":1},
{"processName":"com.apple.xpc.launchd.domain.pid.activateSettings","processId":"55172,55188","deviceName":"BBAOMACBOOKAIR2","description":" Failed to bootstrap path: path = /System/Library/PrivateFrameworks/SystemAdministration.framework/Versions/A/Resources/activateSettings, error = 2: No such file or directory","timeWindow":"1700-1800","numberOfOccurrence":2},
{"processName":"com.apple.xpc.launchd.domain.pid.activateSettings","processId":"55227,55233,55241,55261","deviceName":"BBAOMACBOOKAIR2","description":" Failed to bootstrap path: path = /System/Library/PrivateFrameworks/SystemAdministration.framework/Versions/A/Resources/activateSettings, error = 2: No such file or directory","timeWindow":"1800-1900","numberOfOccurrence":4},
{"processName":"com.apple.xpc.launchd.domain.pid.activateSettings","processId":"55321","deviceName":"BBAOMACBOOKAIR2","description":" Failed to bootstrap path: path = /System/Library/PrivateFrameworks/SystemAdministration.framework/Versions/A/Resources/activateSettings, error = 2: No such file or directory","timeWindow":"2000-2100","numberOfOccurrence":1},
{"processName":"com.apple.xpc.launchd.domain.pid.activateSettings","processId":"55336","deviceName":"BBAOMACBOOKAIR2","description":" Failed to bootstrap path: path = /System/Library/PrivateFrameworks/SystemAdministration.framework/Versions/A/Resources/activateSettings, error = 2: No such file or directory","timeWindow":"2100-2200","numberOfOccurrence":1},
{"processName":"com.apple.xpc.launchd.domain.pid.activateSettings","processId":"55367","deviceName":"BBAOMACBOOKAIR2","description":" Failed to bootstrap path: path = /System/Library/PrivateFrameworks/SystemAdministration.framework/Versions/A/Resources/activateSettings, error = 2: No such file or directory","timeWindow":"2200-2300","numberOfOccurrence":1},
{"processName":"com.apple.xpc.launchd.domain.pid.diskutil","processId":"55673,55675,55714,55720,55743,55751,55754,55777,55780,55794,55797,55800,55802,56063,56064,56065","deviceName":"BBAOMACBOOKAIR2","description":" Failed to bootstrap path: path = /usr/sbin/diskutil, error = 2: No such file or directory","timeWindow":"2200-2300","numberOfOccurrence":16},
{"processName":"com.apple.xpc.launchd.domain.pid.docker-credenti","processId":"54755,54762,54779,54781,54783,54785,54787,54802,54840,54847,54848","deviceName":"BBAOMACBOOKAIR2","description":" Failed to bootstrap path: path = /usr/local/bin/docker-credential-osxkeychain, error = 2: No such file or directory","timeWindow":"1600-1700","numberOfOccurrence":11},
{"processName":"com.apple.xpc.launchd.domain.pid.fdesetup","processId":"55706,55762,55770,56059,56060,56061,56062,56079,56080,56081","deviceName":"BBAOMACBOOKAIR2","description":" Failed to bootstrap path: path = /usr/bin/fdesetup, error = 2: No such file or directory","timeWindow":"2200-2300","numberOfOccurrence":10},
{"processName":"com.apple.xpc.launchd.domain.pid.fud","processId":"52389","deviceName":"BBAOMACBOOKAIR2","description":" Failed to bootstrap path: path = /System/Library/PrivateFrameworks/MobileAccessoryUpdater.framework/Support/fud, error = 2: No such file or directory","timeWindow":"0300-400","numberOfOccurrence":1},
{"processName":"com.apple.xpc.launchd.domain.pid.fud","processId":"53053","deviceName":"BBAOMACBOOKAIR2","description":" Failed to bootstrap path: path = /System/Library/PrivateFrameworks/MobileAccessoryUpdater.framework/Support/fud, error = 2: No such file or directory","timeWindow":"0800-900","numberOfOccurrence":1},
{"processName":"com.apple.xpc.launchd.domain.pid.installer","processId":"13095,24374,39523","deviceName":"BBAOMACBOOKAIR2","description":" Failed to bootstrap path: path = /usr/sbin/installer, error = 2: No such file or directory","timeWindow":"0200-300","numberOfOccurrence":3},
{"processName":"com.apple.xpc.launchd.domain.pid.mdmclient","processId":"12523","deviceName":"BBAOMACBOOKAIR2","description":" Failed to bootstrap path: path = /usr/libexec/mdmclient, error = 108: Invalid path","timeWindow":"0000-100","numberOfOccurrence":1},
{"processName":"com.apple.xpc.launchd.domain.pid.mdmclient","processId":"12809","deviceName":"BBAOMACBOOKAIR2","description":" Failed to bootstrap path: path = /usr/libexec/mdmclient, error = 108: Invalid path","timeWindow":"0100-200","numberOfOccurrence":1},
{"processName":"com.apple.xpc.launchd.domain.pid.mdmclient","processId":"13012","deviceName":"BBAOMACBOOKAIR2","description":" Failed to bootstrap path: path = /usr/libexec/mdmclient, error = 108: Invalid path","timeWindow":"0200-300","numberOfOccurrence":1},
{"processName":"com.apple.xpc.launchd.domain.pid.mdmclient","processId":"52359","deviceName":"BBAOMACBOOKAIR2","description":" Failed to bootstrap path: path = /usr/libexec/mdmclient, error = 108: Invalid path","timeWindow":"0300-400","numberOfOccurrence":1},
{"processName":"com.apple.xpc.launchd.domain.pid.mdmclient","processId":"52473,52534,52548","deviceName":"BBAOMACBOOKAIR2","description":" Failed to bootstrap path: path = /usr/libexec/mdmclient, error = 108: Invalid path","timeWindow":"0400-500","numberOfOccurrence":3},
{"processName":"com.apple.xpc.launchd.domain.pid.mdmclient","processId":"52624,52710","deviceName":"BBAOMACBOOKAIR2","description":" Failed to bootstrap path: path = /usr/libexec/mdmclient, error = 108: Invalid path","timeWindow":"0500-600","numberOfOccurrence":2},
{"processName":"com.apple.xpc.launchd.domain.pid.mdmclient","processId":"52834","deviceName":"BBAOMACBOOKAIR2","description":" Failed to bootstrap path: path = /usr/libexec/mdmclient, error = 108: Invalid path","timeWindow":"0700-800","numberOfOccurrence":1},
{"processName":"com.apple.xpc.launchd.domain.pid.mdmclient","processId":"52954","deviceName":"BBAOMACBOOKAIR2","description":" Failed to bootstrap path: path = /usr/libexec/mdmclient, error = 108: Invalid path","timeWindow":"0800-900","numberOfOccurrence":1},
{"processName":"com.apple.xpc.launchd.domain.pid.mdmclient","processId":"53157,53328,53342,53375","deviceName":"BBAOMACBOOKAIR2","description":" Failed to bootstrap path: path = /usr/libexec/mdmclient, error = 108: Invalid path","timeWindow":"0900-1000","numberOfOccurrence":4},
{"processName":"com.apple.xpc.launchd.domain.pid.mdmclient","processId":"53560","deviceName":"BBAOMACBOOKAIR2","description":" Failed to bootstrap path: path = /usr/libexec/mdmclient, error = 108: Invalid path","timeWindow":"1100-1200","numberOfOccurrence":1},
{"processName":"com.apple.xpc.launchd.domain.pid.mdmclient","processId":"53945","deviceName":"BBAOMACBOOKAIR2","description":" Failed to bootstrap path: path = /usr/libexec/mdmclient, error = 108: Invalid path","timeWindow":"1200-1300","numberOfOccurrence":1},
{"processName":"com.apple.xpc.launchd.domain.pid.mdmclient","processId":"54131","deviceName":"BBAOMACBOOKAIR2","description":" Failed to bootstrap path: path = /usr/libexec/mdmclient, error = 108: Invalid path","timeWindow":"1300-1400","numberOfOccurrence":1},
{"processName":"com.apple.xpc.launchd.domain.pid.mdmclient","processId":"54524,54639,54653,54672","deviceName":"BBAOMACBOOKAIR2","description":" Failed to bootstrap path: path = /usr/libexec/mdmclient, error = 108: Invalid path","timeWindow":"1500-1600","numberOfOccurrence":4},
{"processName":"com.apple.xpc.launchd.domain.pid.mdmclient","processId":"54916","deviceName":"BBAOMACBOOKAIR2","description":" Failed to bootstrap path: path = /usr/libexec/mdmclient, error = 108: Invalid path","timeWindow":"1600-1700","numberOfOccurrence":1},
{"processName":"com.apple.xpc.launchd.domain.pid.mdmclient","processId":"55072","deviceName":"BBAOMACBOOKAIR2","description":" Failed to bootstrap path: path = /usr/libexec/mdmclient, error = 108: Invalid path","timeWindow":"1700-1800","numberOfOccurrence":1},
{"processName":"com.apple.xpc.launchd.domain.pid.mdmclient","processId":"55642,56068","deviceName":"BBAOMACBOOKAIR2","description":" Failed to bootstrap path: path = /usr/libexec/mdmclient, error = 108: Invalid path","timeWindow":"2200-2300","numberOfOccurrence":2},
{"processName":"com.apple.xpc.launchd.domain.pid.mdmclient","processId":"56246,56260,56311","deviceName":"BBAOMACBOOKAIR2","description":" Failed to bootstrap path: path = /usr/libexec/mdmclient, error = 108: Invalid path","timeWindow":"2300-2400","numberOfOccurrence":3},
{"processName":"com.apple.xpc.launchd.domain.pid.networksetup","processId":"54266,54273,54284,54285,54286,54287,54288,54289,54290,54292,54293,54297","deviceName":"BBAOMACBOOKAIR2","description":" Failed to bootstrap path: path = /usr/sbin/networksetup, error = 2: No such file or directory","timeWindow":"1400-1500","numberOfOccurrence":12},
{"processName":"com.apple.xpc.launchd.domain.pid.networksetup","processId":"54529,54532,54533,54534,54535,54536,54537,54538,54539,54553,54559,54560","deviceName":"BBAOMACBOOKAIR2","description":" Failed to bootstrap path: path = /usr/sbin/networksetup, error = 2: No such file or directory","timeWindow":"1500-1600","numberOfOccurrence":12},
{"processName":"com.apple.xpc.launchd.domain.pid.networksetup","processId":"55452,55454,55460,55461,55462,55463,55464,55465,55468,55469,55470,55471,55620,55621,55627,55628,55629,55630,55631,55632,55633,55634,55635,55636","deviceName":"BBAOMACBOOKAIR2","description":" Failed to bootstrap path: path = /usr/sbin/networksetup, error = 2: No such file or directory","timeWindow":"2200-2300","numberOfOccurrence":24},
{"processName":"com.apple.xpc.launchd.domain.pid.photoanalysisd","processId":"53138","deviceName":"BBAOMACBOOKAIR2","description":" Failed to bootstrap path: path = /System/Library/PrivateFrameworks/PhotoAnalysis.framework/Versions/A/Support/photoanalysisd, error = 2: No such file or directory","timeWindow":"0800-900","numberOfOccurrence":1},
{"processName":"com.apple.xpc.launchd.domain.pid.photoanalysisd","processId":"53150","deviceName":"BBAOMACBOOKAIR2","description":" Failed to bootstrap path: path = /System/Library/PrivateFrameworks/PhotoAnalysis.framework/Versions/A/Support/photoanalysisd, error = 2: No such file or directory","timeWindow":"0900-1000","numberOfOccurrence":1},
{"processName":"com.apple.xpc.launchd.domain.pid.photoanalysisd","processId":"54317","deviceName":"BBAOMACBOOKAIR2","description":" Failed to bootstrap path: path = /System/Library/PrivateFrameworks/PhotoAnalysis.framework/Versions/A/Support/photoanalysisd, error = 2: No such file or directory","timeWindow":"1400-1500","numberOfOccurrence":1},
{"processName":"com.apple.xpc.launchd.domain.pid.remindd","processId":"12680","deviceName":"BBAOMACBOOKAIR2","description":" Failed to bootstrap path: path = /usr/libexec/remindd, error = 108: Invalid path","timeWindow":"0000-100","numberOfOccurrence":1},
{"processName":"com.apple.xpc.launchd.domain.pid.remindd","processId":"53047","deviceName":"BBAOMACBOOKAIR2","description":" Failed to bootstrap path: path = /usr/libexec/remindd, error = 108: Invalid path","timeWindow":"0800-900","numberOfOccurrence":1},
{"processName":"com.apple.xpc.launchd.domain.pid.remindd","processId":"54309","deviceName":"BBAOMACBOOKAIR2","description":" Failed to bootstrap path: path = /usr/libexec/remindd, error = 108: Invalid path","timeWindow":"1400-1500","numberOfOccurrence":1},
{"processName":"com.apple.xpc.launchd.domain.pid.remindd","processId":"54563","deviceName":"BBAOMACBOOKAIR2","description":" Failed to bootstrap path: path = /usr/libexec/remindd, error = 108: Invalid path","timeWindow":"1500-1600","numberOfOccurrence":1},
{"processName":"com.apple.xpc.launchd.domain.pid.remindd","processId":"55565","deviceName":"BBAOMACBOOKAIR2","description":" Failed to bootstrap path: path = /usr/libexec/remindd, error = 108: Invalid path","timeWindow":"2200-2300","numberOfOccurrence":1},
{"processName":"com.apple.xpc.launchd.domain.pid.security_authtr","processId":"55472","deviceName":"BBAOMACBOOKAIR2","description":" Failed to bootstrap path: path = /usr/libexec/security_authtrampoline, error = 108: Invalid path","timeWindow":"2200-2300","numberOfOccurrence":1},
{"processName":"com.apple.xpc.launchd.domain.pid.signpost_reporter","processId":"13053","deviceName":"BBAOMACBOOKAIR2","description":" Failed to bootstrap path: path = /usr/libexec/signpost_reporter, error = 108: Invalid path","timeWindow":"0200-300","numberOfOccurrence":1},
{"processName":"com.apple.xpc.launchd.domain.pid.system_profiler","processId":"55836,55896","deviceName":"BBAOMACBOOKAIR2","description":" Failed to bootstrap path: path = /usr/sbin/system_profiler, error = 2: No such file or directory","timeWindow":"2200-2300","numberOfOccurrence":2},
{"processName":"com.apple.xpc.launchd.domain.pid.walletAvailabil","processId":"54464","deviceName":"BBAOMACBOOKAIR2","description":" Failed to bootstrap path: path = /System/Library/PreferencePanes/Wallet.prefPane/Contents/Resources/walletAvailabilityCheckTool, error = 2: No such file or directory","timeWindow":"1500-1600","numberOfOccurrence":1} ]
