<?xml version="1.0" encoding="UTF-8"?>
<configuration debug="true">
    <springProperty scope="context" name="logLevel" source="logging.level"/>
    <springProperty scope="context" name="logPath" source="logging.file.path"/>
    <springProperty scope="context" name="max.file.size" source="logging.file.max-size"/>
    <springProperty scope="context" name="max.history" source="logging.file.max-history"/>
    <springProperty scope="context" name="total.size.cap" source="logging.file.path"/>

    <!-- 输出格式 -->
    <property name="out.pattern" value="%d{yyyy-MM-dd HH:mm:ss.SSS} [%-5p] [%t] [%c][%L] - %m%n" />
    <!-- 活动文件的大小 -->
    <property name="max.file.size" value="500MB"/>
    <!-- 保留的归档文件的最大数量 -->
    <property name="max.history" value="30"/>
    <!-- 控制所有归档日志文件的总大小 -->
    <property name="total.size.cap" value="30GB"/>

    <!-- 控制台 -->
    <appender name="STDOUT" class="ch.qos.logback.core.ConsoleAppender">
        <withJansi>true</withJansi>
        <encoder>
            <pattern>%d{yyyy-MM-dd HH:mm:ss.SSS} [%highlight(%-5p)] [%t] [%cyan(%c)][%L] - %m%n</pattern>
        </encoder>
    </appender>

    <!-- INFO日志 -->
    <appender name="INFO_FILE" class="ch.qos.logback.core.rolling.RollingFileAppender">
        <file>${logPath}/info.log</file>
        <append>true</append>
        <filter class="ch.qos.logback.classic.filter.LevelFilter">
            <level>INFO</level>
            <onMatch>ACCEPT</onMatch>
            <onMismatch>DENY</onMismatch>
        </filter>
        <rollingPolicy class="ch.qos.logback.core.rolling.SizeAndTimeBasedRollingPolicy">
            <fileNamePattern>${logPath}/info.%d{yyyy-MM-dd}.%i.log</fileNamePattern>
            <maxFileSize>${max.file.size}</maxFileSize>
            <maxHistory>${max.history}</maxHistory>
            <totalSizeCap>${total.size.cap}</totalSizeCap>
        </rollingPolicy>
        <encoder class="ch.qos.logback.classic.encoder.PatternLayoutEncoder">
            <pattern>${out.pattern}</pattern>
            <charset>UTF-8</charset>
        </encoder>
    </appender>

    <!-- 异步输出 -->
    <appender name ="ASYNC_INFO_FILE" class= "ch.qos.logback.classic.AsyncAppender">
        <!-- 不丢失日志.默认的,如果队列的80%已满,则会丢弃TRACT、DEBUG、INFO级别的日志 -->
        <discardingThreshold >0</discardingThreshold>
        <!-- 更改默认的队列的深度,该值会影响性能.默认值为256 -->
        <queueSize>512</queueSize>
        <!-- 添加附加的appender,最多只能添加一个 -->
        <appender-ref ref ="INFO_FILE"/>
    </appender>

    <!-- ERROR日志 -->
    <appender name="ERROR_FILE" class="ch.qos.logback.core.rolling.RollingFileAppender">
        <file>${logPath}/error.log</file>
        <append>true</append>
        <filter class="ch.qos.logback.classic.filter.ThresholdFilter">
            <level>ERROR</level>
        </filter>
        <rollingPolicy class="ch.qos.logback.core.rolling.SizeAndTimeBasedRollingPolicy">
            <fileNamePattern>${logPath}/error.%d{yyyy-MM-dd}.%i.log</fileNamePattern>
            <maxFileSize>${max.file.size}</maxFileSize>
            <maxHistory>${max.history}</maxHistory>
            <totalSizeCap>${total.size.cap}</totalSizeCap>
        </rollingPolicy>
        <encoder class="ch.qos.logback.classic.encoder.PatternLayoutEncoder">
            <pattern>${out.pattern}</pattern>
            <charset>UTF-8</charset>
        </encoder>
    </appender>
    <!-- 异步输出 -->
    <appender name ="ASYNC_ERROR_FILE" class= "ch.qos.logback.classic.AsyncAppender">
        <!-- 不丢失日志.默认的,如果队列的80%已满,则会丢弃TRACT、DEBUG、INFO级别的日志 -->
        <discardingThreshold >0</discardingThreshold>
        <!-- 更改默认的队列的深度,该值会影响性能.默认值为256 -->
        <queueSize>512</queueSize>
        <!-- 添加附加的appender,最多只能添加一个 -->
        <appender-ref ref ="ERROR_FILE"/>
    </appender>

    
    <root level="Debug">
        <appender-ref ref="STDOUT" />
        <appender-ref ref="ASYNC_INFO_FILE" />
        <appender-ref ref="ASYNC_ERROR_FILE" />
    </root>

</configuration>